date,close
,MSFT
2015-01-02,39.93306350708008
2015-01-05,39.565834045410156
2015-01-06,38.98512649536133
2015-01-07,39.48043441772461
2015-01-08,40.64186477661133
2015-01-09,40.30027770996094
2015-01-12,39.796409606933594
2015-01-13,39.591461181640625
2015-01-14,39.24986267089844
2015-01-15,38.83993148803711
2015-01-16,39.48897171020508
2015-01-20,39.617088317871094
2015-01-21,39.2156982421875
2015-01-22,40.24903869628906
2015-01-23,40.29174041748047
2015-01-26,40.14655685424805
2015-01-27,36.43164825439453
2015-01-28,35.176273345947266
2015-01-29,35.876548767089844
2015-01-30,34.50162124633789
2015-02-02,35.25312423706055
2015-02-03,35.526405334472656
2015-02-04,35.73137283325195
2015-02-05,36.2523193359375
2015-02-06,36.21815872192383
2015-02-09,36.175445556640625
2015-02-10,36.38041305541992
2015-02-11,36.192527770996094
2015-02-12,36.79888153076172
2015-02-13,37.46500015258789
2015-02-17,37.48219299316406
2015-02-18,37.4391975402832
2015-02-19,37.413394927978516
2015-02-20,37.7230224609375
2015-02-23,37.97244644165039
2015-02-24,37.92082595825195
2015-02-25,37.834815979003906
2015-02-26,37.89502716064453
2015-02-27,37.71441650390625
2015-03-02,37.7402229309082
2015-03-03,37.22417068481445
2015-03-04,37.034942626953125
2015-03-05,37.07794189453125
2015-03-06,36.432891845703125
2015-03-09,36.85432434082031
2015-03-10,36.149070739746094
2015-03-11,36.10607147216797
2015-03-12,35.280399322509766
2015-03-13,35.590023040771484
2015-03-16,35.744834899902344
2015-03-17,35.86524963378906
2015-03-18,36.553306579589844
2015-03-19,36.372703552246094
2015-03-20,36.880149841308594
2015-03-23,36.86293411254883
2015-03-24,36.89735412597656
2015-03-25,35.6588249206543
2015-03-26,35.443817138671875
2015-03-27,35.23738479614258
2015-03-30,35.228782653808594
2015-03-31,34.970767974853516
2015-04-01,35.022377014160156
2015-04-02,34.65254211425781
2015-04-06,35.73623275756836
2015-04-07,35.71904373168945
2015-04-08,35.624427795410156
2015-04-09,35.676029205322266
2015-04-10,35.88245391845703
2015-04-13,35.91684341430664
2015-04-14,35.822227478027344
2015-04-15,36.34688949584961
2015-04-16,36.26089096069336
2015-04-17,35.79644775390625
2015-04-20,36.905941009521484
2015-04-21,36.67372131347656
2015-04-22,36.97475814819336
2015-04-23,37.275779724121094
2015-04-24,41.171939849853516
2015-04-27,41.309539794921875
2015-04-28,42.281429290771484
2015-04-29,42.19542694091797
2015-04-30,41.83418655395508
2015-05-01,41.85139465332031
2015-05-04,41.49015426635742
2015-05-05,40.93970489501953
2015-05-06,39.80440139770508
2015-05-07,40.16563034057617
2015-05-08,41.0687141418457
2015-05-11,40.74188232421875
2015-05-12,40.72469711303711
2015-05-13,40.965511322021484
2015-05-14,41.90298843383789
2015-05-15,41.5417594909668
2015-05-18,41.29233932495117
2015-05-19,41.188472747802734
2015-05-20,41.188472747802734
2015-05-21,41.049949645996094
2015-05-22,40.599815368652344
2015-05-26,40.331443786621094
2015-05-27,41.21442413330078
2015-05-28,41.07592010498047
2015-05-29,40.565189361572266
2015-06-01,40.885467529296875
2015-06-02,40.617122650146484
2015-06-03,40.55652618408203
2015-06-04,40.13233947753906
2015-06-05,39.94188690185547
2015-06-08,39.586978912353516
2015-06-09,39.517723083496094
2015-06-10,40.3487548828125
2015-06-11,40.20158386230469
2015-06-12,39.79473876953125
2015-06-15,39.37055206298828
2015-06-16,39.67354202270508
2015-06-17,39.79473876953125
2015-06-18,40.44398880004883
2015-06-19,39.907283782958984
2015-06-22,40.01981735229492
2015-06-23,39.742794036865234
2015-06-24,39.509071350097656
2015-06-25,39.517723083496094
2015-06-26,39.180118560791016
2015-06-29,38.409671783447266
2015-06-30,38.21922302246094
2015-07-01,38.47893142700195
2015-07-02,38.43564224243164
2015-07-06,38.42698669433594
2015-07-07,38.34908676147461
2015-07-08,38.297142028808594
2015-07-09,38.53951644897461
2015-07-10,38.617427825927734
2015-07-13,39.42249298095703
2015-07-14,39.49174499511719
2015-07-15,39.61294174194336
2015-07-16,40.39204788208008
2015-07-17,40.357418060302734
2015-07-20,40.617122650146484
2015-07-21,40.92876434326172
2015-07-22,39.42249298095703
2015-07-23,39.91593551635742
2015-07-24,39.76876449584961
2015-07-27,39.258026123046875
2015-07-28,39.249366760253906
2015-07-29,40.07175064086914
2015-07-30,40.582489013671875
2015-07-31,40.426666259765625
2015-08-03,40.52189636230469
2015-08-04,41.15383529663086
2015-08-05,41.188472747802734
2015-08-06,40.357418060302734
2015-08-07,40.46131134033203
2015-08-10,40.97205352783203
2015-08-11,40.17562484741211
2015-08-12,40.46131134033203
2015-08-13,40.452632904052734
2015-08-14,40.68638610839844
2015-08-17,40.963382720947266
2015-08-18,41.189945220947266
2015-08-19,40.61483383178711
2015-08-20,39.78704071044922
2015-08-21,37.53016662597656
2015-08-24,36.318965911865234
2015-08-25,35.26458740234375
2015-08-26,37.216461181640625
2015-08-27,38.2534065246582
2015-08-28,38.279541015625
2015-08-31,37.92228698730469
2015-09-01,36.440940856933594
2015-09-02,37.782875061035156
2015-09-03,37.90486145019531
2015-09-04,37.129337310791016
2015-09-08,38.24470138549805
2015-09-09,37.53016662597656
2015-09-10,37.72187042236328
2015-09-11,37.88743591308594
2015-09-14,37.504024505615234
2015-09-15,38.32311248779297
2015-09-16,38.601951599121094
2015-09-17,38.55839157104492
2015-09-18,37.88743591308594
2015-09-21,38.4364013671875
2015-09-22,38.2534065246582
2015-09-23,38.22726821899414
2015-09-24,38.26213073730469
2015-09-25,38.288265228271484
2015-09-28,37.72187042236328
2015-09-29,37.852577209472656
2015-09-30,38.56710433959961
2015-10-01,38.87208938598633
2015-10-02,39.7086067199707
2015-10-05,40.63226318359375
2015-10-06,40.7368278503418
2015-10-07,40.780391693115234
2015-10-08,41.3467903137207
2015-10-09,41.050533294677734
2015-10-12,40.954681396484375
2015-10-13,40.858821868896484
2015-10-14,40.67583465576172
2015-10-15,40.96338653564453
2015-10-16,41.399070739746094
2015-10-19,41.49492645263672
2015-10-20,41.62562942504883
2015-10-21,41.12894058227539
2015-10-22,41.85219192504883
2015-10-23,46.06965255737305
2015-10-26,47.272151947021484
2015-10-27,46.784183502197266
2015-10-28,47.03688049316406
2015-10-29,46.496639251708984
2015-10-30,45.869232177734375
2015-11-02,46.39206314086914
2015-11-03,47.185020446777344
2015-11-04,47.40284729003906
2015-11-05,47.385440826416016
2015-11-06,47.85597229003906
2015-11-09,47.1937141418457
2015-11-10,46.6273307800293
2015-11-11,46.74932098388672
2015-11-12,46.46175765991211
2015-11-13,46.043521881103516
2015-11-16,46.85389709472656
2015-11-17,46.467899322509766
2015-11-18,47.2398681640625
2015-11-19,47.31882095336914
2015-11-20,47.53813934326172
2015-11-23,47.53813934326172
2015-11-24,47.59077835083008
2015-11-25,47.09952163696289
2015-11-27,47.31005859375
2015-11-30,47.67850875854492
2015-12-01,48.441707611083984
2015-12-02,48.43293762207031
2015-12-03,47.546913146972656
2015-12-04,49.047019958496094
2015-12-07,48.95929718017578
2015-12-08,48.94175720214844
2015-12-09,48.231178283691406
2015-12-10,48.48558044433594
2015-12-11,47.424095153808594
2015-12-14,48.371524810791016
2015-12-15,48.424163818359375
2015-12-16,49.2400016784668
2015-12-17,48.86277389526367
2015-12-18,47.48550796508789
2015-12-21,48.09959030151367
2015-12-22,48.555763244628906
2015-12-23,48.96805953979492
2015-12-24,48.83647537231445
2015-12-28,49.08209991455078
2015-12-29,49.60844802856445
2015-12-30,49.39791488647461
2015-12-31,48.66979217529297
2016-01-04,48.07326126098633
2016-01-05,48.29257583618164
2016-01-06,47.415321350097656
2016-01-07,45.76610565185547
2016-01-08,45.90644454956055
2016-01-11,45.88014602661133
2016-01-12,46.30122375488281
2016-01-13,45.30115509033203
2016-01-14,46.5907096862793
2016-01-15,44.73095703125
2016-01-19,44.353729248046875
2016-01-20,44.55549240112305
2016-01-21,44.283546447753906
2016-01-22,45.871368408203125
2016-01-25,45.432743072509766
2016-01-26,45.76610565185547
2016-01-27,44.93270492553711
2016-01-28,45.669612884521484
2016-01-29,48.327659606933594
2016-02-01,47.99431610107422
2016-02-02,46.49422073364258
2016-02-03,45.75732421875
2016-02-04,45.61697006225586
2016-02-05,44.00283432006836
2016-02-08,43.34490203857422
2016-02-09,43.23084259033203
2016-02-10,43.608062744140625
2016-02-11,43.59052276611328
2016-02-12,44.301090240478516
2016-02-16,45.140464782714844
2016-02-17,46.31557846069336
2016-02-18,46.11235809326172
2016-02-19,45.78546142578125
2016-02-22,46.51880645751953
2016-02-23,45.21997833251953
2016-02-24,45.37902069091797
2016-02-25,46.03285217285156
2016-02-26,45.326011657714844
2016-02-29,44.95491409301758
2016-03-01,46.45694351196289
2016-03-02,46.783870697021484
2016-03-03,46.253726959228516
2016-03-04,45.971004486083984
2016-03-07,45.08744812011719
2016-03-08,45.63525390625
2016-03-09,46.686676025390625
2016-03-10,45.988670349121094
2016-03-11,46.889888763427734
2016-03-14,46.97824478149414
2016-03-15,47.349327087402344
2016-03-16,48.020843505859375
2016-03-17,48.294734954833984
2016-03-18,47.26099395751953
2016-03-21,47.58790969848633
2016-03-22,47.773433685302734
2016-03-23,47.685081481933594
2016-03-24,47.897132873535156
2016-03-28,47.30516052246094
2016-03-29,48.33890914916992
2016-03-30,48.63930892944336
2016-03-31,48.7983512878418
2016-04-01,49.0987663269043
2016-04-04,48.975059509277344
2016-04-05,48.20637130737305
2016-04-06,48.7011604309082
2016-04-07,48.11802291870117
2016-04-08,48.08268356323242
2016-04-11,47.9854850769043
2016-04-12,48.28589630126953
2016-04-13,48.904380798339844
2016-04-14,48.91322708129883
2016-04-15,49.16944885253906
2016-04-18,49.88511657714844
2016-04-19,49.82326889038086
2016-04-20,49.11643600463867
2016-04-21,49.2843132019043
2016-04-22,45.750118255615234
2016-04-25,46.04169464111328
2016-04-26,45.44969940185547
2016-04-27,45.007930755615234
2016-04-28,44.08904266357422
2016-04-29,44.062530517578125
2016-05-02,44.71635818481445
2016-05-03,43.9830207824707
2016-05-04,44.062530517578125
2016-05-05,44.124385833740234
2016-05-06,44.52198028564453
2016-05-09,44.239253997802734
2016-05-10,45.07861328125
2016-05-11,45.1051139831543
2016-05-12,45.51155090332031
2016-05-13,45.13163757324219
2016-05-16,45.79429244995117
2016-05-17,44.94015121459961
2016-05-18,45.20707702636719
2016-05-19,44.771095275878906
2016-05-20,45.03801727294922
2016-05-23,44.5130729675293
2016-05-24,45.901058197021484
2016-05-25,46.372615814208984
2016-05-26,46.16796875
2016-05-27,46.55055618286133
2016-05-31,47.15557861328125
2016-06-01,47.02211380004883
2016-06-02,46.69291687011719
2016-06-03,46.079017639160156
2016-06-06,46.38150405883789
2016-06-07,46.354820251464844
2016-06-08,46.30144119262695
2016-06-09,45.92775344848633
2016-06-10,45.803192138671875
2016-06-13,44.6109619140625
2016-06-14,44.33514404296875
2016-06-15,44.210567474365234
2016-06-16,44.8333854675293
2016-06-17,44.60206604003906
2016-06-20,44.54867935180664
2016-06-21,45.545162200927734
2016-06-22,45.36723327636719
2016-06-23,46.18577194213867
2016-06-24,44.33514404296875
2016-06-27,43.08951187133789
2016-06-28,43.98814392089844
2016-06-29,44.96684646606445
2016-06-30,45.527374267578125
2016-07-01,45.51847839355469
2016-07-05,45.527374267578125
2016-07-06,45.71421432495117
2016-07-07,45.71421432495117
2016-07-08,46.53276443481445
2016-07-11,46.79078674316406
2016-07-12,47.3424072265625
2016-07-13,47.609344482421875
2016-07-14,47.81397247314453
2016-07-15,47.778385162353516
2016-07-18,48.00971221923828
2016-07-19,47.235652923583984
2016-07-20,49.74467849731445
2016-07-21,49.646820068359375
2016-07-22,50.331912994384766
2016-07-25,50.4742546081543
2016-07-26,50.500946044921875
2016-07-27,49.99379348754883
2016-07-28,50.0115852355957
2016-07-29,50.42977523803711
2016-08-01,50.340797424316406
2016-08-02,50.340797424316406
2016-08-03,50.68779754638672
2016-08-04,51.06148147583008
2016-08-05,51.56863021850586
2016-08-08,51.65760040283203
2016-08-09,51.78215789794922
2016-08-10,51.622005462646484
2016-08-11,51.871116638183594
2016-08-12,51.55082702636719
2016-08-15,51.710968017578125
2016-08-16,51.42448043823242
2016-08-17,51.531925201416016
2016-08-18,51.56772994995117
2016-08-19,51.58563232421875
2016-08-22,51.63039779663086
2016-08-23,51.827354431152344
2016-08-24,51.881080627441406
2016-08-25,52.07803726196289
2016-08-26,51.95270538330078
2016-08-29,52.0153694152832
2016-08-30,51.827354431152344
2016-08-31,51.44239044189453
2016-09-01,51.55878448486328
2016-09-02,51.63039779663086
2016-09-06,51.576690673828125
2016-09-07,51.62144088745117
2016-09-08,51.415531158447266
2016-09-09,50.32329559326172
2016-09-12,51.075355529785156
2016-09-13,50.609798431396484
2016-09-14,50.36807632446289
2016-09-15,51.2006721496582
2016-09-16,51.25438690185547
2016-09-19,50.96790313720703
2016-09-20,50.860477447509766
2016-09-21,51.71096420288086
2016-09-22,51.76469802856445
2016-09-23,51.415531158447266
2016-09-26,50.94103240966797
2016-09-27,51.881080627441406
2016-09-28,51.95270538330078
2016-09-29,51.38867950439453
2016-09-30,51.56772994995117
2016-10-03,51.40658187866211
2016-10-04,51.245426177978516
2016-10-05,51.603538513183594
2016-10-06,51.69307327270508
2016-10-07,51.74678421020508
2016-10-10,51.961669921875
2016-10-11,51.2006721496582
2016-10-12,51.12905502319336
2016-10-13,50.95895004272461
2016-10-14,51.40658187866211
2016-10-17,51.22753143310547
2016-10-18,51.62144088745117
2016-10-19,51.505069732666016
2016-10-20,51.25438690185547
2016-10-21,53.41200637817383
2016-10-24,54.61166000366211
2016-10-25,54.60271072387695
2016-10-26,54.28042221069336
2016-10-27,53.80590057373047
2016-10-28,53.60000228881836
2016-10-31,53.64476776123047
2016-11-01,53.537330627441406
2016-11-02,53.20610427856445
2016-11-03,53.00912857055664
2016-11-04,52.56148910522461
2016-11-07,54.0924072265625
2016-11-08,54.13716506958008
2016-11-09,53.86857986450195
2016-11-10,52.55253982543945
2016-11-11,52.839027404785156
2016-11-14,52.03327178955078
2016-11-15,53.06078338623047
2016-11-16,53.76381301879883
2016-11-17,54.656131744384766
2016-11-18,54.394737243652344
2016-11-21,54.85441589355469
2016-11-22,55.08875274658203
2016-11-23,54.439788818359375
2016-11-25,54.55698776245117
2016-11-28,54.62907409667969
2016-11-29,55.06171417236328
2016-11-30,54.313621520996094
2016-12-01,53.358219146728516
2016-12-02,53.403282165527344
2016-12-05,54.27757263183594
2016-12-06,54.03420639038086
2016-12-07,55.314090728759766
2016-12-08,54.989601135253906
2016-12-09,55.854881286621094
2016-12-12,56.03514862060547
2016-12-13,56.76521301269531
2016-12-14,56.49482727050781
2016-12-15,56.404685974121094
2016-12-16,56.152313232421875
2016-12-19,57.34205627441406
2016-12-20,57.26994705200195
2016-12-21,57.26994705200195
2016-12-22,57.27896499633789
2016-12-23,56.99956512451172
2016-12-27,57.035606384277344
2016-12-28,56.774227142333984
2016-12-29,56.693119049072266
2016-12-30,56.00809860229492
2017-01-03,56.404685974121094
2017-01-04,56.152313232421875
2017-01-05,56.152313232421875
2017-01-06,56.63903045654297
2017-01-09,56.458770751953125
2017-01-10,56.440738677978516
2017-01-11,56.95448303222656
2017-01-12,56.43170928955078
2017-01-13,56.51284408569336
2017-01-17,56.35961151123047
2017-01-18,56.33258056640625
2017-01-19,56.152313232421875
2017-01-20,56.548885345458984
2017-01-23,56.7471809387207
2017-01-24,57.251922607421875
2017-01-25,57.39613723754883
2017-01-26,57.92790222167969
2017-01-27,59.288909912109375
2017-01-30,58.70304489135742
2017-01-31,58.27040481567383
2017-02-01,57.30601119995117
2017-02-02,56.936466217041016
2017-02-03,57.39613723754883
2017-02-06,57.36008071899414
2017-02-07,57.17080307006836
2017-02-08,57.089691162109375
2017-02-09,57.73863983154297
2017-02-10,57.68456268310547
2017-02-13,58.33352279663086
2017-02-14,58.55113983154297
2017-02-15,58.51487731933594
2017-02-16,58.50580978393555
2017-02-17,58.59647750854492
2017-02-21,58.478599548339844
2017-02-22,58.360721588134766
2017-02-23,58.59647750854492
2017-02-24,58.59647750854492
2017-02-27,58.242835998535156
2017-02-28,58.016136169433594
2017-03-01,58.88664627075195
2017-03-02,58.0433464050293
2017-03-03,58.26097106933594
2017-03-06,58.279109954833984
2017-03-07,58.3969841003418
2017-03-08,58.93199920654297
2017-03-09,58.69623565673828
2017-03-10,58.87758255004883
2017-03-13,58.6780891418457
2017-03-14,58.40605926513672
2017-03-15,58.7143669128418
2017-03-16,58.61460876464844
2017-03-17,58.82316589355469
2017-03-20,58.87758255004883
2017-03-21,58.224693298339844
2017-03-22,58.968257904052734
2017-03-23,58.82316589355469
2017-03-24,58.92292022705078
2017-03-27,59.0317497253418
2017-03-28,59.20403289794922
2017-03-29,59.36724853515625
2017-03-30,59.584877014160156
2017-03-31,59.72089385986328
2017-04-03,59.439796447753906
2017-04-04,59.6030158996582
2017-04-05,59.4488525390625
2017-04-06,59.6030158996582
2017-04-07,59.55767059326172
2017-04-10,59.421653747558594
2017-04-11,59.37631607055664
2017-04-12,59.14962387084961
2017-04-13,58.89571762084961
2017-04-17,59.37631607055664
2017-04-18,59.294700622558594
2017-04-19,58.977325439453125
2017-04-20,59.39445114135742
2017-04-21,60.210567474365234
2017-04-24,61.2352180480957
2017-04-25,61.588844299316406
2017-04-26,61.50726318359375
2017-04-27,61.90625762939453
2017-04-28,62.07853317260742
2017-05-01,62.939998626708984
2017-05-02,62.84024429321289
2017-05-03,62.640750885009766
2017-05-04,62.39590835571289
2017-05-05,62.56820297241211
2017-05-08,62.513797760009766
2017-05-09,62.60444641113281
2017-05-10,62.84928512573242
2017-05-11,62.07853317260742
2017-05-12,62.00600051879883
2017-05-15,62.051334381103516
2017-05-16,63.30076599121094
2017-05-17,61.54063415527344
2017-05-18,61.75038528442383
2017-05-19,61.73215866088867
2017-05-22,62.42524719238281
2017-05-23,62.63501739501953
2017-05-24,62.71708679199219
2017-05-25,63.492252349853516
2017-05-26,63.80234146118164
2017-05-30,64.2127456665039
2017-05-31,63.69288635253906
2017-06-01,63.93000411987305
2017-06-02,65.44390869140625
2017-06-05,65.91816711425781
2017-06-06,66.13700866699219
2017-06-07,66.01849365234375
2017-06-08,65.61720275878906
2017-06-09,64.13066101074219
2017-06-12,63.638187408447266
2017-06-13,64.43158721923828
2017-06-14,64.08504486083984
2017-06-15,63.74763488769531
2017-06-16,63.83880615234375
2017-06-19,64.63224029541016
2017-06-20,63.75675582885742
2017-06-21,64.08504486083984
2017-06-22,64.0759506225586
2017-06-23,64.94231414794922
2017-06-26,64.3221664428711
2017-06-27,63.11837387084961
2017-06-28,63.65644073486328
2017-06-29,62.46172332763672
2017-06-30,62.86299514770508
2017-07-03,62.16987609863281
2017-07-05,62.99980163574219
2017-07-06,62.53469467163086
2017-07-07,63.34633255004883
2017-07-10,63.82057189941406
2017-07-11,63.8297004699707
2017-07-12,64.88761138916016
2017-07-13,65.45304107666016
2017-07-14,66.37413787841797
2017-07-17,66.89398193359375
2017-07-18,66.84835815429688
2017-07-19,67.35907745361328
2017-07-20,67.68739318847656
2017-07-21,67.29524230957031
2017-07-24,67.1219482421875
2017-07-25,67.66004943847656
2017-07-26,67.53235626220703
2017-07-27,66.72067260742188
2017-07-28,66.61125946044922
2017-07-31,66.30117797851562
2017-08-01,66.19172668457031
2017-08-02,65.8999252319336
2017-08-03,65.7995834350586
2017-08-04,66.2829360961914
2017-08-07,66.02758026123047
2017-08-08,66.38323974609375
2017-08-09,66.09141540527344
2017-08-10,65.12472534179688
2017-08-11,66.1187744140625
2017-08-14,67.11286163330078
2017-08-15,67.13118743896484
2017-08-16,67.52538299560547
2017-08-17,66.37936401367188
2017-08-18,66.4618911743164
2017-08-21,66.15015411376953
2017-08-22,67.0761489868164
2017-08-23,66.67274475097656
2017-08-24,66.64527130126953
2017-08-25,66.76446533203125
2017-08-28,66.77359771728516
2017-08-29,66.97531127929688
2017-08-30,67.85545349121094
2017-08-31,68.55227661132812
2017-09-01,67.79132080078125
2017-09-05,67.48875427246094
2017-09-06,67.29620361328125
2017-09-07,68.15802001953125
2017-09-08,67.82796478271484
2017-09-11,68.54310607910156
2017-09-12,68.46977233886719
2017-09-13,68.9556884765625
2017-09-14,68.55227661132812
2017-09-15,69.04735565185547
2017-09-18,68.90986633300781
2017-09-19,69.16656494140625
2017-09-20,68.70816040039062
2017-09-21,68.03883361816406
2017-09-22,68.22224426269531
2017-09-25,67.1678466796875
2017-09-26,67.1678466796875
2017-09-27,67.70877838134766
2017-09-28,67.72711181640625
2017-09-29,68.29556274414062
2017-10-02,68.40560150146484
2017-10-03,68.0846939086914
2017-10-04,68.47894287109375
2017-10-05,69.65250396728516
2017-10-06,69.68000030517578
2017-10-09,69.94586181640625
2017-10-10,69.94586181640625
2017-10-11,70.06505584716797
2017-10-12,70.70685577392578
2017-10-13,71.04609680175781
2017-10-16,71.19280242919922
2017-10-17,71.13777160644531
2017-10-18,71.15611267089844
2017-10-19,71.4311752319336
2017-10-20,72.2563247680664
2017-10-23,72.27469635009766
2017-10-24,72.30217742919922
2017-10-25,72.09129333496094
2017-10-26,72.21047973632812
2017-10-27,76.84054565429688
2017-10-30,76.91389465332031
2017-10-31,76.26293182373047
2017-11-01,76.26293182373047
2017-11-02,77.06057739257812
2017-11-03,77.14309692382812
2017-11-06,77.44566345214844
2017-11-07,77.26227569580078
2017-11-08,77.52816772460938
2017-11-09,77.09722137451172
2017-11-10,76.89553833007812
2017-11-13,76.95055389404297
2017-11-14,77.06057739257812
2017-11-15,76.46163940429688
2017-11-16,76.66435241699219
2017-11-17,75.92719268798828
2017-11-20,76.04698944091797
2017-11-21,77.14351654052734
2017-11-22,76.58140563964844
2017-11-24,76.71965026855469
2017-11-27,77.28170013427734
2017-11-28,78.21239471435547
2017-11-29,76.79334259033203
2017-11-30,77.55816650390625
2017-12-01,77.64109802246094
2017-12-04,74.71089172363281
2017-12-05,75.18081665039062
2017-12-06,76.27732849121094
2017-12-07,76.0101318359375
2017-12-08,77.54896545410156
2017-12-11,78.5348892211914
2017-12-12,78.85739135742188
2017-12-13,78.64544677734375
2017-12-14,78.03730773925781
2017-12-15,80.02764892578125
2017-12-18,79.59454345703125
2017-12-19,79.0877456665039
2017-12-20,78.80211639404297
2017-12-21,78.78368377685547
2017-12-22,78.79292297363281
2017-12-26,78.6915283203125
2017-12-27,78.9771728515625
2017-12-28,78.98641204833984
2017-12-29,78.82054138183594
2018-01-02,79.19833374023438
2018-01-03,79.56690979003906
2018-01-04,80.26722717285156
2018-01-05,81.26236724853516
2018-01-08,81.34529876708984
2018-01-09,81.29000854492188
2018-01-10,80.92146301269531
2018-01-11,81.16102600097656
2018-01-12,82.56161499023438
2018-01-16,81.4098129272461
2018-01-17,83.05919647216797
2018-01-18,83.02234649658203
2018-01-19,82.93017578125
2018-01-22,84.41372680664062
2018-01-23,84.68094635009766
2018-01-24,84.60721588134766
2018-01-25,85.07716369628906
2018-01-26,86.67125701904297
2018-01-29,86.54226684570312
2018-01-30,85.4549560546875
2018-01-31,87.54664611816406
2018-02-01,86.85556030273438
2018-02-02,84.57036590576172
2018-02-05,81.08728790283203
2018-02-06,84.15570068359375
2018-02-07,82.57083892822266
2018-02-08,78.3321762084961
2018-02-09,81.25314331054688
2018-02-12,82.12853240966797
2018-02-13,82.77357482910156
2018-02-14,84.06962585449219
2018-02-15,85.7823257446289
2018-02-16,85.17129516601562
2018-02-20,85.83786010742188
2018-02-21,84.69916534423828
2018-02-22,84.92134094238281
2018-02-23,87.07839965820312
2018-02-26,88.33745574951172
2018-02-27,87.20799255371094
2018-02-28,86.80992126464844
2018-03-01,85.95822143554688
2018-03-02,86.14337921142578
2018-03-05,86.68956756591797
2018-03-06,86.3933334350586
2018-03-07,86.89324951171875
2018-03-08,87.42094421386719
2018-03-09,89.37432098388672
2018-03-12,89.58724212646484
2018-03-13,87.40242767333984
2018-03-14,86.88399505615234
2018-03-15,87.18949127197266
2018-03-16,87.57833099365234
2018-03-19,85.99525451660156
2018-03-20,86.2174301147461
2018-03-21,85.61565399169922
2018-03-22,83.12533569335938
2018-03-23,80.70907592773438
2018-03-26,86.8191909790039
2018-03-27,82.8291015625
2018-03-28,82.7550277709961
2018-03-29,84.49549102783203
2018-04-02,81.9496078491211
2018-04-03,83.05126190185547
2018-04-04,85.476806640625
2018-04-05,85.52308654785156
2018-04-06,83.53268432617188
2018-04-09,84.03260040283203
2018-04-10,85.98600006103516
2018-04-11,85.04168701171875
2018-04-12,86.63401794433594
2018-04-13,86.17115020751953
2018-04-16,87.18023681640625
2018-04-17,88.93920135498047
2018-04-18,89.28173828125
2018-04-19,88.97623443603516
2018-04-20,87.94863891601562
2018-04-23,88.27263641357422
2018-04-24,86.20816802978516
2018-04-25,85.45829010009766
2018-04-26,87.26355743408203
2018-04-27,88.70775604248047
2018-04-30,86.57847595214844
2018-05-01,87.94863891601562
2018-05-02,86.56924438476562
2018-05-03,87.087646484375
2018-05-04,88.09674835205078
2018-05-07,89.07807922363281
2018-05-08,88.69850158691406
2018-05-09,89.74463653564453
2018-05-10,90.64263153076172
2018-05-11,90.4482421875
2018-05-14,90.75372314453125
2018-05-15,90.096435546875
2018-05-16,90.3288803100586
2018-05-17,89.42696380615234
2018-05-18,89.59434509277344
2018-05-21,90.74728393554688
2018-05-22,90.654296875
2018-05-23,91.73285675048828
2018-05-24,91.40743255615234
2018-05-25,91.45392608642578
2018-05-29,91.12849426269531
2018-05-30,92.00248718261719
2018-05-31,91.90021514892578
2018-06-01,93.71329498291016
2018-06-04,94.5315170288086
2018-06-05,95.0150146484375
2018-06-06,95.2939224243164
2018-06-07,93.79695892333984
2018-06-08,94.49430847167969
2018-06-11,93.95506286621094
2018-06-12,94.1968002319336
2018-06-13,93.76909637451172
2018-06-14,94.29906463623047
2018-06-15,93.0996322631836
2018-06-18,93.77837371826172
2018-06-19,93.77837371826172
2018-06-20,94.71747589111328
2018-06-21,94.03874206542969
2018-06-22,93.3599853515625
2018-06-25,91.48181915283203
2018-06-26,92.12335968017578
2018-06-27,90.69149780273438
2018-06-28,91.7049560546875
2018-06-29,91.68636322021484
2018-07-02,92.98806762695312
2018-07-03,92.09549713134766
2018-07-05,92.75563049316406
2018-07-06,94.05733489990234
2018-07-09,94.69889831542969
2018-07-10,94.94991302490234
2018-07-11,94.81976318359375
2018-07-12,96.87458801269531
2018-07-13,98.02751922607422
2018-07-16,97.54402160644531
2018-07-17,98.51100158691406
2018-07-18,97.73930358886719
2018-07-19,97.06983184814453
2018-07-20,98.80855560302734
2018-07-23,100.3891830444336
2018-07-24,100.1009521484375
2018-07-25,103.0483627319336
2018-07-26,101.92335510253906
2018-07-27,100.11952209472656
2018-07-30,97.97173309326172
2018-07-31,98.63188171386719
2018-08-01,98.81783294677734
2018-08-02,100.01728057861328
2018-08-03,100.45425415039062
2018-08-06,100.53793334960938
2018-08-07,101.23527526855469
2018-08-08,101.80245208740234
2018-08-09,101.96979522705078
2018-08-10,101.34683990478516
2018-08-13,100.6123275756836
2018-08-14,101.8675308227539
2018-08-15,100.48617553710938
2018-08-16,100.46749114990234
2018-08-17,100.41148376464844
2018-08-20,99.74881744384766
2018-08-21,98.91812133789062
2018-08-22,99.92613983154297
2018-08-23,100.392822265625
2018-08-24,101.17683410644531
2018-08-27,102.29686737060547
2018-08-28,102.91289520263672
2018-08-29,104.55564880371094
2018-08-30,104.49030303955078
2018-08-31,104.84498596191406
2018-09-04,104.26628875732422
2018-09-05,101.26085662841797
2018-09-06,101.49417877197266
2018-09-07,100.99950408935547
2018-09-10,102.09153747558594
2018-09-11,103.82759094238281
2018-09-12,104.26628875732422
2018-09-13,105.38633728027344
2018-09-14,105.81568908691406
2018-09-17,104.66763305664062
2018-09-18,105.66634368896484
2018-09-19,104.25695037841797
2018-09-20,106.00234985351562
2018-09-21,106.64639282226562
2018-09-24,107.02906799316406
2018-09-25,106.82372283935547
2018-09-26,106.38504028320312
2018-09-27,106.786376953125
2018-09-28,106.7490463256836
2018-10-01,107.90644836425781
2018-10-02,107.47708129882812
2018-10-03,107.49573516845703
2018-10-04,105.27430725097656
2018-10-05,104.65829467773438
2018-10-08,103.46360778808594
2018-10-09,104.77965545654297
2018-10-10,99.08612060546875
2018-10-11,98.8527603149414
2018-10-12,102.26888275146484
2018-10-15,100.4301528930664
2018-10-16,103.60359954833984
2018-10-17,103.33290100097656
2018-10-18,101.27020263671875
2018-10-19,101.4195327758789
2018-10-22,102.32489776611328
2018-10-23,100.89683532714844
2018-10-24,95.5019760131836
2018-10-25,101.08350372314453
2018-10-26,99.83281707763672
2018-10-29,96.93004608154297
2018-10-30,96.81803894042969
2018-10-31,99.69280242919922
2018-11-01,98.86209869384766
2018-11-02,99.08612060546875
2018-11-05,100.34616088867188
2018-11-06,100.54217529296875
2018-11-07,104.49962615966797
2018-11-08,104.30362701416016
2018-11-09,102.26888275146484
2018-11-12,99.74881744384766
2018-11-13,99.81414031982422
2018-11-14,98.39867401123047
2018-11-15,100.56407165527344
2018-11-16,101.51082611083984
2018-11-19,98.07057189941406
2018-11-20,95.34274291992188
2018-11-21,96.65511322021484
2018-11-23,96.61760711669922
2018-11-26,99.80475616455078
2018-11-27,100.43280792236328
2018-11-28,104.16366577148438
2018-11-29,103.29188537597656
2018-11-30,103.94806671142578
2018-12-03,105.07293701171875
2018-12-04,101.7264175415039
2018-12-06,102.35447692871094
2018-12-07,98.2580337524414
2018-12-10,100.85464477539062
2018-12-11,101.79204559326172
2018-12-12,102.25138854980469
2018-12-13,102.59822082519531
2018-12-14,99.39230346679688
2018-12-17,96.44888305664062
2018-12-18,97.46128845214844
2018-12-19,97.19879150390625
2018-12-20,95.15528106689453
2018-12-21,92.08061981201172
2018-12-24,88.23727416992188
2018-12-26,94.2647476196289
2018-12-27,94.8459243774414
2018-12-28,94.10540008544922
2018-12-31,95.21150970458984
2019-01-02,94.78968048095703
2019-01-03,91.30255889892578
2019-01-04,95.54898071289062
2019-01-07,95.67082977294922
2019-01-08,96.36450958251953
2019-01-09,97.74249267578125
2019-01-10,97.11444091796875
2019-01-11,96.36450958251953
2019-01-14,95.66146850585938
2019-01-15,98.4361801147461
2019-01-16,98.78299713134766
2019-01-17,99.47667694091797
2019-01-18,100.96713256835938
2019-01-22,99.06422424316406
2019-01-23,100.02973175048828
2019-01-24,99.55168914794922
2019-01-25,100.46092987060547
2019-01-28,98.50178527832031
2019-01-29,96.49574279785156
2019-01-30,99.72039031982422
2019-01-31,97.89248657226562
2019-02-01,96.34575653076172
2019-02-04,99.12046813964844
2019-02-05,100.5078125
2019-02-06,99.39230346679688
2019-02-07,98.67986297607422
2019-02-08,99.05484008789062
2019-02-11,98.6611328125
2019-02-12,100.19845581054688
2019-02-13,100.12347412109375
2019-02-14,100.20784759521484
2019-02-15,101.4452133178711
2019-02-19,101.39835357666016
2019-02-20,100.87114715576172
2019-02-21,102.99871063232422
2019-02-22,104.4673080444336
2019-02-25,105.05097961425781
2019-02-26,105.77584838867188
2019-02-27,105.59698486328125
2019-02-28,105.46519470214844
2019-03-01,105.93587493896484
2019-03-04,105.68170928955078
2019-03-05,105.154541015625
2019-03-06,105.20162200927734
2019-03-07,103.92130279541016
2019-03-08,104.03428649902344
2019-03-11,106.21831512451172
2019-03-12,106.96202850341797
2019-03-13,107.79045104980469
2019-03-14,107.87518310546875
2019-03-15,109.11782836914062
2019-03-18,110.68054962158203
2019-03-19,110.755859375
2019-03-20,110.63347625732422
2019-03-21,113.17526245117188
2019-03-22,110.19102478027344
2019-03-25,110.76527404785156
2019-03-26,111.00062561035156
2019-03-27,109.92742919921875
2019-03-28,110.07806396484375
2019-03-29,111.02889251708984
2019-04-01,112.04559326171875
2019-04-02,112.20562744140625
2019-04-03,112.93991088867188
2019-04-04,112.36567687988281
2019-04-05,112.86461639404297
2019-04-08,112.90225219726562
2019-04-09,112.29035186767578
2019-04-10,113.14702606201172
2019-04-11,113.27880096435547
2019-04-12,113.86249542236328
2019-04-15,113.95663452148438
2019-04-16,113.69306182861328
2019-04-17,114.63442993164062
2019-04-18,116.14067840576172
2019-04-22,116.50782012939453
2019-04-23,118.08939361572266
2019-04-24,117.6845932006836
2019-04-25,121.58197784423828
2019-04-26,122.27860260009766
2019-04-29,122.16567993164062
2019-04-30,122.94701385498047
2019-05-01,120.38638305664062
2019-05-02,118.81424713134766
2019-05-03,121.34661865234375
2019-05-06,120.64058685302734
2019-05-07,118.1646957397461
2019-05-08,118.1552734375
2019-05-09,118.1458740234375
2019-05-10,119.68036651611328
2019-05-13,116.12185668945312
2019-05-14,117.4209976196289
2019-05-15,119.07455444335938
2019-05-16,121.82415771484375
2019-05-17,121.01155090332031
2019-05-20,119.26351928710938
2019-05-21,119.90603637695312
2019-05-22,120.63361358642578
2019-05-23,119.22571563720703
2019-05-24,119.28240966796875
2019-05-28,119.20684051513672
2019-05-29,118.05408477783203
2019-05-30,118.80052947998047
2019-05-31,116.86351013183594
2019-06-03,113.23516082763672
2019-06-04,116.3721694946289
2019-06-05,118.89501953125
2019-06-06,120.77535247802734
2019-06-07,124.15802764892578
2019-06-10,125.2918930053711
2019-06-11,124.8194580078125
2019-06-12,124.24309539794922
2019-06-13,125.02731323242188
2019-06-14,125.15013122558594
2019-06-17,125.52812194824219
2019-06-18,127.71080017089844
2019-06-19,128.2115936279297
2019-06-20,129.40219116210938
2019-06-21,129.42103576660156
2019-06-24,130.18643188476562
2019-06-25,126.0761489868164
2019-06-26,126.54859924316406
2019-06-27,126.75645446777344
2019-06-28,126.57693481445312
2019-07-01,128.20211791992188
2019-07-02,129.0525665283203
2019-07-03,129.88404846191406
2019-07-05,129.5060577392578
2019-07-08,129.41162109375
2019-07-09,128.9391326904297
2019-07-10,130.25257873535156
2019-07-11,130.77224731445312
2019-07-12,131.24461364746094
2019-07-15,131.24461364746094
2019-07-16,129.5249786376953
2019-07-17,128.7596893310547
2019-07-18,128.90135192871094
2019-07-19,129.09031677246094
2019-07-22,130.8005828857422
2019-07-23,131.61318969726562
2019-07-24,132.96435546875
2019-07-25,132.46356201171875
2019-07-26,133.55018615722656
2019-07-29,133.2572479248047
2019-07-30,132.61474609375
2019-07-31,128.7596893310547
2019-08-01,130.450927734375
2019-08-02,129.3549041748047
2019-08-05,124.9233627319336
2019-08-06,127.26669311523438
2019-08-07,127.82417297363281
2019-08-08,131.2352294921875
2019-08-09,130.1202850341797
2019-08-12,128.30606079101562
2019-08-13,130.9612274169922
2019-08-14,127.01738739013672
2019-08-15,126.73297882080078
2019-08-16,129.0556182861328
2019-08-19,131.2172088623047
2019-08-20,130.12692260742188
2019-08-21,131.57740783691406
2019-08-22,130.61988830566406
2019-08-23,126.45804595947266
2019-08-26,128.41098022460938
2019-08-27,128.68594360351562
2019-08-28,128.5153045654297
2019-08-29,130.9422149658203
2019-08-30,130.6957550048828
2019-09-03,128.9703369140625
2019-09-04,130.4777374267578
2019-09-05,132.77195739746094
2019-09-06,131.87130737304688
2019-09-09,130.3734130859375
2019-09-10,129.00827026367188
2019-09-11,129.04620361328125
2019-09-12,130.3734130859375
2019-09-13,130.18380737304688
2019-09-16,129.24530029296875
2019-09-17,130.2501678466797
2019-09-18,131.3214569091797
2019-09-19,133.7389678955078
2019-09-20,132.19366455078125
2019-09-23,131.9092254638672
2019-09-24,130.24066162109375
2019-09-25,132.1177978515625
2019-09-26,132.2884521484375
2019-09-27,130.5725555419922
2019-09-30,131.80491638183594
2019-10-01,129.9468231201172
2019-10-02,127.65254211425781
2019-10-03,129.19786071777344
2019-10-04,130.9422149658203
2019-10-07,129.9941864013672
2019-10-08,128.6195831298828
2019-10-09,131.05601501464844
2019-10-10,131.87130737304688
2019-10-11,132.42117309570312
2019-10-14,132.2979278564453
2019-10-15,134.21295166015625
2019-10-16,133.1132354736328
2019-10-17,132.43067932128906
2019-10-18,130.26918029785156
2019-10-21,131.2361602783203
2019-10-22,129.28318786621094
2019-10-23,130.1079864501953
2019-10-24,132.66769409179688
2019-10-25,133.4166259765625
2019-10-28,136.6968231201172
2019-10-29,135.40750122070312
2019-10-30,137.09495544433594
2019-10-31,135.91941833496094
2019-11-01,136.25119018554688
2019-11-04,137.03807067871094
2019-11-05,136.95278930664062
2019-11-06,136.57354736328125
2019-11-07,136.7631378173828
2019-11-08,138.37481689453125
2019-11-11,138.51699829101562
2019-11-12,139.42710876464844
2019-11-13,139.65469360351562
2019-11-14,140.3656768798828
2019-11-15,142.1764373779297
2019-11-18,142.52716064453125
2019-11-19,142.57464599609375
2019-11-20,142.32730102539062
2019-11-21,142.194091796875
2019-11-22,142.2987060546875
2019-11-25,143.8587646484375
2019-11-26,144.61984252929688
2019-11-27,144.8956756591797
2019-11-29,144.0015411376953
2019-12-02,142.26071166992188
2019-12-03,142.03240966796875
2019-12-04,142.5460662841797
2019-12-05,142.62222290039062
2019-12-06,144.3534698486328
2019-12-09,143.9824676513672
2019-12-10,143.763671875
2019-12-11,144.3058624267578
2019-12-12,145.77085876464844
2019-12-13,146.99794006347656
2019-12-16,147.94920349121094
2019-12-17,147.1501922607422
2019-12-18,146.8457489013672
2019-12-19,148.12045288085938
2019-12-20,149.73757934570312
2019-12-23,149.73757934570312
2019-12-24,149.70907592773438
2019-12-26,150.9361572265625
2019-12-27,151.2120361328125
2019-12-30,149.9088134765625
2019-12-31,150.01344299316406
2020-01-02,152.7911376953125
2020-01-03,150.8886260986328
2020-01-06,151.27862548828125
2020-01-07,149.89932250976562
2020-01-08,152.2869415283203
2020-01-09,154.18948364257812
2020-01-10,153.4760284423828
2020-01-13,155.32147216796875
2020-01-14,154.22752380371094
2020-01-15,155.226318359375
2020-01-16,158.07061767578125
2020-01-17,158.95530700683594
2020-01-21,158.384521484375
2020-01-22,157.62347412109375
2020-01-23,158.5938262939453
2020-01-24,156.99566650390625
2020-01-27,154.37020874023438
2020-01-28,157.3952178955078
2020-01-29,159.84945678710938
2020-01-30,164.3583984375
2020-01-31,161.93272399902344
2020-02-03,165.8804473876953
2020-02-04,171.34066772460938
2020-02-05,171.13140869140625
2020-02-06,174.67958068847656
2020-02-07,174.92691040039062
2020-02-10,179.50245666503906
2020-02-11,175.45008850097656
2020-02-12,175.70693969726562
2020-02-13,174.7556915283203
2020-02-14,176.31576538085938
2020-02-18,178.10411071777344
2020-02-19,178.63827514648438
2020-02-20,175.9102783203125
2020-02-21,170.34925842285156
2020-02-24,163.0045623779297
2020-02-25,160.314697265625
2020-02-26,162.3177947998047
2020-02-27,150.88104248046875
2020-02-28,154.53428649902344
2020-03-02,164.81687927246094
2020-03-03,156.91896057128906
2020-03-04,162.6802520751953
2020-03-05,158.59774780273438
2020-03-06,154.11460876464844
2020-03-09,143.66986083984375
2020-03-10,153.49465942382812
2020-03-11,146.54100036621094
2020-03-12,132.643310546875
2020-03-13,151.50100708007812
2020-03-16,129.17127990722656
2020-03-17,139.80674743652344
2020-03-18,133.9214630126953
2020-03-19,136.1248779296875
2020-03-20,131.01220703125
2020-03-23,129.70545959472656
2020-03-24,141.4950408935547
2020-03-25,140.14064025878906
2020-03-26,148.90658569335938
2020-03-27,142.79237365722656
2020-03-30,152.83644104003906
2020-03-31,150.4327392578125
2020-04-01,145.0911407470703
2020-04-02,148.09580993652344
2020-04-03,146.7317657470703
2020-04-06,157.64390563964844
2020-04-07,155.94602966308594
2020-04-08,157.51034545898438
2020-04-09,157.51986694335938
2020-04-13,157.87281799316406
2020-04-14,165.6848907470703
2020-04-15,163.94886779785156
2020-04-16,168.87078857421875
2020-04-17,170.35879516601562
2020-04-20,166.98216247558594
2020-04-21,160.0762481689453
2020-04-22,165.51318359375
2020-04-23,163.51010131835938
2020-04-24,166.4956817626953
2020-04-27,166.01878356933594
2020-04-28,161.9744110107422
2020-04-29,169.24276733398438
2020-04-30,170.94065856933594
2020-05-01,166.51475524902344
2020-05-04,170.58775329589844
2020-05-05,172.4191131591797
2020-05-06,174.11700439453125
2020-05-07,175.12808227539062
2020-05-08,176.15823364257812
2020-05-11,178.1231689453125
2020-05-12,174.08836364746094
2020-05-13,171.4557342529297
2020-05-14,172.19972229003906
2020-05-15,174.7083740234375
2020-05-18,176.37762451171875
2020-05-19,175.15670776367188
2020-05-20,177.5862579345703
2020-05-21,175.45321655273438
2020-05-22,175.5297393798828
2020-05-26,173.6741180419922
2020-05-27,173.90367126464844
2020-05-28,173.51150512695312
2020-05-29,175.28102111816406
2020-06-01,174.8792724609375
2020-06-02,176.86886596679688
2020-06-03,177.29928588867188
2020-06-04,174.96542358398438
2020-06-05,179.0592803955078
2020-06-08,180.16885375976562
2020-06-09,181.5461883544922
2020-06-10,188.28009033203125
2020-06-11,178.16976928710938
2020-06-12,179.57577514648438
2020-06-15,180.72361755371094
2020-06-16,185.15225219726562
2020-06-17,185.7931365966797
2020-06-18,187.78271484375
2020-06-19,186.6635284423828
2020-06-22,191.8478546142578
2020-06-23,193.1295928955078
2020-06-24,189.23658752441406
2020-06-25,191.62783813476562
2020-06-26,187.79225158691406
2020-06-29,189.81045532226562
2020-06-30,194.6600341796875
2020-07-01,195.7982635498047
2020-07-02,197.2904052734375
2020-07-06,201.53732299804688
2020-07-07,199.19386291503906
2020-07-08,203.5746612548828
2020-07-09,204.99990844726562
2020-07-10,204.37814331054688
2020-07-13,198.06521606445312
2020-07-14,199.28956604003906
2020-07-15,198.99298095703125
2020-07-16,195.05218505859375
2020-07-17,194.05738830566406
2020-07-20,202.398193359375
2020-07-21,199.672119140625
2020-07-22,202.54165649414062
2020-07-23,193.732177734375
2020-07-24,192.5460968017578
2020-07-27,194.98519897460938
2020-07-28,193.23480224609375
2020-07-29,195.18609619140625
2020-07-30,195.0330810546875
2020-07-31,196.0947723388672
2020-08-03,207.12339782714844
2020-08-04,204.0146942138672
2020-08-05,203.67994689941406
2020-08-06,206.94168090820312
2020-08-07,203.23992919921875
2020-08-10,199.19386291503906
2020-08-11,194.53565979003906
2020-08-12,200.09298706054688
2020-08-13,199.62428283691406
2020-08-14,199.81561279296875
2020-08-17,201.1355743408203
2020-08-18,202.29296875
2020-08-19,201.0657196044922
2020-08-20,205.7447967529297
2020-08-21,204.2489776611328
2020-08-24,204.89141845703125
2020-08-25,207.55691528320312
2020-08-26,212.0442352294922
2020-08-27,217.25064086914062
2020-08-28,219.48472595214844
2020-08-31,216.24388122558594
2020-09-01,217.9122314453125
2020-09-02,222.11192321777344
2020-09-03,208.35275268554688
2020-09-04,205.42835998535156
2020-09-08,194.31558227539062
2020-09-09,202.5902099609375
2020-09-10,196.9140167236328
2020-09-11,195.62913513183594
2020-09-14,196.9523162841797
2020-09-15,200.18357849121094
2020-09-16,196.60714721679688
2020-09-17,194.55528259277344
2020-09-18,192.13905334472656
2020-09-21,194.20046997070312
2020-09-22,198.87957763671875
2020-09-23,192.330810546875
2020-09-24,194.82374572753906
2020-09-25,199.26309204101562
2020-09-28,200.81640625
2020-09-29,198.7261199951172
2020-09-30,201.6697235107422
2020-10-01,203.71209716796875
2020-10-02,197.70022583007812
2020-10-05,201.71766662597656
2020-10-06,197.43173217773438
2020-10-07,201.19036865234375
2020-10-08,201.90945434570312
2020-10-09,206.92410278320312
2020-10-12,212.283935546875
2020-10-13,213.683837890625
2020-10-14,211.7661895751953
2020-10-15,210.6156005859375
2020-10-16,210.6156005859375
2020-10-19,205.39956665039062
2020-10-20,205.81187438964844
2020-10-21,205.9556884765625
2020-10-22,206.04200744628906
2020-10-23,207.32684326171875
2020-10-26,201.43002319335938
2020-10-27,204.4695281982422
2020-10-28,194.33474731445312
2020-10-29,196.29074096679688
2020-10-30,194.13336181640625
2020-11-02,193.99913024902344
2020-11-03,197.9302978515625
2020-11-04,207.48023986816406
2020-11-05,214.0961151123047
2020-11-06,214.50843811035156
2020-11-09,209.39788818359375
2020-11-10,202.32174682617188
2020-11-11,207.63365173339844
2020-11-12,206.5692901611328
2020-11-13,207.59532165527344
2020-11-16,208.28561401367188
2020-11-17,205.62966918945312
2020-11-18,202.91873168945312
2020-11-19,204.20689392089844
2020-11-20,202.2554168701172
2020-11-23,201.9862518310547
2020-11-24,205.59121704101562
2020-11-25,205.60086059570312
2020-11-27,206.9082794189453
2020-11-30,205.79315185546875
2020-12-01,207.85040283203125
2020-12-02,207.04286193847656
2020-12-03,205.95657348632812
2020-12-04,206.07186889648438
2020-12-07,206.004638671875
2020-12-08,207.65814208984375
2020-12-09,203.61090087890625
2020-12-10,202.3804168701172
2020-12-11,205.014404296875
2020-12-14,205.9180908203125
2020-12-15,205.85079956054688
2020-12-16,210.80169677734375
2020-12-17,210.93624877929688
2020-12-18,210.13836669921875
2020-12-21,213.9836883544922
2020-12-22,215.281494140625
2020-12-23,212.47442626953125
2020-12-24,214.1374969482422
2020-12-28,216.26211547851562
2020-12-29,215.48338317871094
2020-12-30,213.10887145996094
2020-12-31,213.82025146484375
2021-01-04,209.27316284179688
2021-01-05,209.47503662109375
2021-01-06,204.04345703125
2021-01-07,209.84996032714844
2021-01-08,211.12852478027344
2021-01-11,209.08090209960938
2021-01-12,206.61984252929688
2021-01-13,207.97537231445312
2021-01-14,204.7837371826172
2021-01-15,204.42800903320312
2021-01-19,208.07150268554688
2021-01-20,215.666015625
2021-01-21,216.27166748046875
2021-01-22,217.21376037597656
2021-01-25,220.65536499023438
2021-01-26,223.34713745117188
2021-01-27,223.89508056640625
2021-01-28,229.69189453125
2021-01-29,222.9914093017578
2021-02-01,230.3840789794922
2021-02-02,230.24951171875
2021-02-03,233.6045379638672
2021-02-04,232.65283203125
2021-02-05,232.83547973632812
2021-02-08,233.09507751464844
2021-02-09,234.34478759765625
2021-02-10,233.43150329589844
2021-02-11,235.03697204589844
2021-02-12,235.51763916015625
2021-02-16,234.27749633789062
2021-02-17,235.29885864257812
2021-02-18,234.90380859375
2021-02-19,232.18655395507812
2021-02-22,225.96205139160156
2021-02-23,224.7672576904297
2021-02-24,226.00057983398438
2021-02-25,220.64328002929688
2021-02-26,223.9097137451172
2021-03-01,228.30348205566406
2021-03-02,225.34536743164062
2021-03-03,219.26541137695312
2021-03-04,218.4656219482422
2021-03-05,223.1581268310547
2021-03-08,219.1016082763672
2021-03-09,225.25865173339844
2021-03-10,223.94825744628906
2021-03-11,228.48658752441406
2021-03-12,227.1568603515625
2021-03-15,226.25112915039062
2021-03-16,229.04542541503906
2021-03-17,228.39981079101562
2021-03-18,222.31019592285156
2021-03-19,221.95370483398438
2021-03-22,227.38812255859375
2021-03-23,228.92010498046875
2021-03-24,226.87745666503906
2021-03-25,223.8711395263672
2021-03-26,227.86024475097656
2021-03-29,226.6654510498047
2021-03-30,223.39906311035156
2021-03-31,227.17611694335938
2021-04-01,233.5163116455078
2021-04-05,239.9913787841797
2021-04-06,238.82545471191406
2021-04-07,240.7910919189453
2021-04-08,244.01898193359375
2021-04-09,246.5242156982422
2021-04-12,246.58203125
2021-04-13,249.06802368164062
2021-04-14,246.27366638183594
2021-04-15,250.04116821289062
2021-04-16,251.23597717285156
2021-04-19,249.30886840820312
2021-04-20,248.84642028808594
2021-04-21,251.081787109375
2021-04-22,247.79612731933594
2021-04-23,251.6310272216797
2021-04-26,252.0164031982422
2021-04-27,252.42108154296875
2021-04-28,245.28125
2021-04-29,243.30593872070312
2021-04-30,242.9879913330078
2021-05-03,242.67967224121094
2021-05-04,238.75799560546875
2021-05-05,237.48614501953125
2021-05-06,240.6272735595703
2021-05-07,243.2577667236328
2021-05-10,238.1702423095703
2021-05-11,237.25486755371094
2021-05-12,230.28842163085938
2021-05-13,234.17149353027344
2021-05-14,239.10487365722656
2021-05-17,236.24313354492188
2021-05-18,234.21966552734375
2021-05-19,234.7991180419922
2021-05-20,238.0441436767578
2021-05-21,236.7789764404297
2021-05-24,242.19699096679688
2021-05-25,243.1048126220703
2021-05-26,242.88270568847656
2021-05-27,240.7772979736328
2021-05-28,241.13462829589844
2021-06-01,238.9326934814453
2021-06-02,238.8361053466797
2021-06-03,237.30047607421875
2021-06-04,242.2066650390625
2021-06-07,245.1232452392578
2021-06-08,243.92572021484375
2021-06-09,244.9107666015625
2021-06-10,248.43589782714844
2021-06-11,249.06365966796875
2021-06-14,250.99522399902344
2021-06-15,249.51751708984375
2021-06-16,248.571044921875
2021-06-17,251.9706573486328
2021-06-18,250.55091857910156
2021-06-21,253.64137268066406
2021-06-22,256.42279052734375
2021-06-23,256.1910400390625
2021-06-24,257.5625
2021-06-25,255.9495391845703
2021-06-28,259.5229797363281
2021-06-29,262.1112060546875
2021-06-30,261.62841796875
2021-07-01,262.3044128417969
2021-07-02,268.14727783203125
2021-07-06,268.1570129394531
2021-07-07,270.349365234375
2021-07-08,267.9252624511719
2021-07-09,268.4273986816406
2021-07-12,267.8286437988281
2021-07-13,271.3633728027344
2021-07-14,272.84100341796875
2021-07-15,271.4117126464844
2021-07-16,271.1412353515625
2021-07-19,267.5292663574219
2021-07-20,269.7602233886719
2021-07-21,271.7690124511719
2021-07-22,276.3467712402344
2021-07-23,279.7560119628906
2021-07-26,279.15716552734375
2021-07-27,276.7331237792969
2021-07-28,276.4239807128906
2021-07-29,276.6944885253906
2021-07-30,275.158935546875
2021-08-02,275.0719909667969
2021-08-03,277.29327392578125
2021-08-04,276.7040710449219
2021-08-05,279.6111755371094
2021-08-06,279.5531005859375
2021-08-09,278.46185302734375
2021-08-10,276.63653564453125
2021-08-11,277.12908935546875
2021-08-12,279.8911437988281
2021-08-13,282.8271179199219
2021-08-16,284.517333984375
2021-08-17,283.0492248535156
2021-08-18,281.31719970703125
2021-08-19,287.1616516113281
2021-08-20,294.5058898925781
2021-08-23,294.78643798828125
2021-08-24,292.822265625
2021-08-25,292.2320251464844
2021-08-26,289.40655517578125
2021-08-27,290.0161437988281
2021-08-30,293.7608337402344
2021-08-31,292.1061706542969
2021-09-01,292.057861328125
2021-09-02,291.3998107910156
2021-09-03,291.3901672363281
2021-09-07,290.46124267578125
2021-09-08,290.49029541015625
2021-09-09,287.6260681152344
2021-09-10,286.135986328125
2021-09-13,287.3744812011719
2021-09-14,290.0838317871094
2021-09-15,294.9510192871094
2021-09-16,295.3381042480469
2021-09-17,290.16131591796875
2021-09-20,284.7715759277344
2021-09-21,285.25543212890625
2021-09-22,288.91302490234375
2021-09-23,289.8613586425781
2021-09-24,289.6580810546875
2021-09-27,284.6458435058594
2021-09-28,274.3406066894531
2021-09-29,274.8052062988281
2021-09-30,272.79241943359375
2021-10-01,279.739990234375
2021-10-04,273.94390869140625
2021-10-05,279.4110107421875
2021-10-06,283.62017822265625
2021-10-07,285.3038024902344
2021-10-08,285.3038024902344
2021-10-11,284.7039489746094
2021-10-12,283.3976135253906
2021-10-13,286.7165222167969
2021-10-14,292.94805908203125
2021-10-15,294.36077880859375
2021-10-18,297.341064453125
2021-10-19,298.25067138671875
2021-10-20,297.4571533203125
2021-10-21,300.69866943359375
2021-10-22,299.1505126953125
2021-10-25,298.15386962890625
2021-10-26,300.0697021484375
2021-10-27,312.7069396972656
2021-10-28,313.8487243652344
2021-10-29,320.8832702636719
2021-11-01,318.70623779296875
2021-11-02,322.3444519042969
2021-11-03,323.1863098144531
2021-11-04,325.5472717285156
2021-11-05,325.1795959472656
2021-11-08,326.0794372558594
2021-11-09,325.07318115234375
2021-11-10,320.08984375
2021-11-11,321.6671447753906
2021-11-12,325.81817626953125
2021-11-15,325.18927001953125
2021-11-16,328.5179138183594
2021-11-17,328.7408752441406
2021-11-18,330.8250427246094
2021-11-19,332.6087341308594
2021-11-22,329.42913818359375
2021-11-23,327.34490966796875
2021-11-24,327.5679016113281
2021-11-26,319.5898132324219
2021-11-29,326.3270568847656
2021-11-30,320.4718933105469
2021-12-01,319.9775085449219
2021-12-02,319.40557861328125
2021-12-03,313.1238708496094
2021-12-06,316.2065734863281
2021-12-07,324.66943359375
2021-12-08,324.7178649902344
2021-12-09,322.90509033203125
2021-12-10,332.0561828613281
2021-12-13,329.0123291015625
2021-12-14,318.290771484375
2021-12-15,324.4076232910156
2021-12-16,314.9560852050781
2021-12-17,313.8897399902344
2021-12-20,310.1187438964844
2021-12-21,317.2729187011719
2021-12-22,323.0020751953125
2021-12-23,324.44647216796875
2021-12-27,331.96893310546875
2021-12-28,330.8056945800781
2021-12-29,331.4842529296875
2021-12-30,328.9346923828125
2021-12-31,326.0265808105469
2022-01-03,324.50457763671875
2022-01-04,318.9403076171875
2022-01-05,306.69683837890625
2022-01-06,304.2732849121094
2022-01-07,304.4284362792969
2022-01-10,304.6513977050781
2022-01-11,305.3396301269531
2022-01-12,308.5289611816406
2022-01-13,295.47125244140625
2022-01-14,300.7060546875
2022-01-18,293.3869934082031
2022-01-19,294.04620361328125
2022-01-20,292.36920166015625
2022-01-21,286.9696960449219
2022-01-24,287.2992858886719
2022-01-25,279.6604309082031
2022-01-26,287.62884521484375
2022-01-27,290.6630859375
2022-01-28,298.8253173828125
2022-01-31,301.4621276855469
2022-02-01,299.31011962890625
2022-02-02,303.8661804199219
2022-02-03,292.0298767089844
2022-02-04,296.5763854980469
2022-02-07,291.7391052246094
2022-02-08,295.2386169433594
2022-02-09,301.6850280761719
2022-02-10,293.12530517578125
2022-02-11,286.0099792480469
2022-02-14,285.97119140625
2022-02-15,291.2738037109375
2022-02-16,290.9338073730469
2022-02-17,282.41461181640625
2022-02-18,279.6947326660156
2022-02-22,279.49072265625
2022-02-23,272.2538146972656
2022-02-24,286.16424560546875
2022-02-25,288.80645751953125
2022-02-28,290.2441101074219
2022-03-01,286.51397705078125
2022-03-02,291.6040344238281
2022-03-03,287.4561767578125
2022-03-04,281.5695495605469
2022-03-07,270.9327087402344
2022-03-08,267.960205078125
2022-03-09,280.2484130859375
2022-03-10,277.421630859375
2022-03-11,272.0595397949219
2022-03-14,268.5334167480469
2022-03-15,278.93707275390625
2022-03-16,285.9699401855469
2022-03-17,286.7762145996094
2022-03-18,291.83721923828125
2022-03-21,290.60357666015625
2022-03-22,295.3633728027344
2022-03-23,290.924072265625
2022-03-24,295.4021911621094
2022-03-25,294.99420166015625
2022-03-28,301.8134460449219
2022-03-29,306.388671875
2022-03-30,304.88311767578125
2022-03-31,299.4917907714844
2022-04-01,300.570068359375
2022-04-04,305.9613342285156
2022-04-05,301.98828125
2022-04-06,290.9338073730469
2022-04-07,292.7503356933594
2022-04-08,288.4761657714844
2022-04-11,277.1011047363281
2022-04-12,273.9926452636719
2022-04-13,279.3935852050781
2022-04-14,271.8264465332031
2022-04-18,272.49664306640625
2022-04-19,277.1399841308594
2022-04-20,278.16961669921875
2022-04-21,272.7783508300781
2022-04-22,266.1922912597656
2022-04-25,272.69097900390625
2022-04-26,262.4912109375
2022-04-27,275.11944580078125
2022-04-28,281.3460998535156
2022-04-29,269.58245849609375
2022-05-02,276.3337097167969
2022-05-03,273.7206115722656
2022-05-04,281.68609619140625
2022-05-05,269.4173278808594
2022-05-06,266.872314453125
2022-05-09,257.01251220703125
2022-05-10,261.7918395996094
2022-05-11,253.0978240966797
2022-05-12,248.0465545654297
2022-05-13,253.65151977539062
2022-05-16,254.02066040039062
2022-05-17,259.1884765625
2022-05-18,247.38772583007812
2022-05-19,246.47247314453125
2022-05-20,245.9077606201172
2022-05-23,253.78466796875
2022-05-24,252.78184509277344
2022-05-25,255.6054229736328
2022-05-26,258.8964538574219
2022-05-27,266.0430603027344
2022-05-31,264.70916748046875
2022-06-01,265.24462890625
2022-06-02,267.3477783203125
2022-06-03,262.9078063964844
2022-06-06,261.6712951660156
2022-06-07,265.32257080078125
2022-06-08,263.2876281738281
2022-06-09,257.81561279296875
2022-06-10,246.32644653320312
2022-06-13,235.87905883789062
2022-06-14,238.05032348632812
2022-06-15,245.12881469726562
2022-06-16,238.5176544189453
2022-06-17,241.12709045410156
2022-06-21,247.05670166015625
2022-06-22,246.4627685546875
2022-06-23,252.04180908203125
2022-06-24,260.64898681640625
2022-06-27,257.9129943847656
2022-06-28,249.72451782226562
2022-06-29,253.40496826171875
2022-06-30,250.0653076171875
2022-07-01,252.7428436279297
2022-07-05,255.9266815185547
2022-07-06,259.19818115234375
2022-07-07,261.33050537109375
2022-07-08,260.6100769042969
2022-07-11,257.5429992675781
2022-07-12,246.98854064941406
2022-07-13,246.06358337402344
2022-07-14,247.38772583007812
2022-07-15,249.95819091796875
2022-07-18,247.55322265625
2022-07-19,252.6942138671875
2022-07-20,255.362060546875
2022-07-21,257.8643493652344
2022-07-22,253.50228881835938
2022-07-25,252.01260375976562
2022-07-26,245.26516723632812
2022-07-27,261.6615905761719
2022-07-28,269.1296081542969
2022-07-29,273.3455505371094
2022-08-01,270.6874694824219
2022-08-02,267.5814514160156
2022-08-03,275.02996826171875
2022-08-04,276.1788635253906
2022-08-05,275.4583740234375
2022-08-08,272.93658447265625
2022-08-09,274.86444091796875
2022-08-10,281.5437927246094
2022-08-11,279.4600524902344
2022-08-12,284.2213439941406
2022-08-15,285.740234375
2022-08-16,285.0002136230469
2022-08-17,284.24896240234375
2022-08-18,283.12689208984375
2022-08-19,279.2044677734375
2022-08-22,271.0083312988281
2022-08-23,269.7301330566406
2022-08-24,269.0958557128906
2022-08-25,272.08160400390625
2022-08-26,261.5827941894531
2022-08-29,258.7922058105469
2022-08-30,256.58709716796875
2022-08-31,255.1234893798828
2022-09-01,254.07945251464844
2022-09-02,249.8447723388672
2022-09-06,247.1029815673828
2022-09-07,251.8255157470703
2022-09-08,252.2450714111328
2022-09-09,258.0408630371094
2022-09-12,260.177734375
2022-09-13,245.8735809326172
2022-09-14,246.0979766845703
2022-09-15,239.42401123046875
2022-09-16,238.79954528808594
2022-09-19,238.58489990234375
2022-09-20,236.56509399414062
2022-09-21,233.1501007080078
2022-09-22,235.1308135986328
2022-09-23,232.1450653076172
2022-09-26,231.68650817871094
2022-09-27,230.6717529296875
2022-09-28,235.21861267089844
2022-09-29,231.73529052734375
2022-09-30,227.24693298339844
2022-10-03,234.89663696289062
2022-10-04,242.83905029296875
2022-10-05,243.15126037597656
2022-10-06,240.79978942871094
2022-10-07,228.55441284179688
2022-10-10,223.68553161621094
2022-10-11,219.938720703125
2022-10-12,220.2704620361328
2022-10-13,228.55441284179688
2022-10-14,223.01226806640625
2022-10-17,231.76455688476562
2022-10-18,232.71104431152344
2022-10-19,230.74002075195312
2022-10-20,230.41802978515625
2022-10-21,236.24314880371094
2022-10-24,241.24862670898438
2022-10-25,244.57586669921875
2022-10-26,225.7052764892578
2022-10-27,221.24620056152344
2022-10-28,230.14483642578125
2022-10-31,226.4956512451172
2022-11-01,222.63174438476562
2022-11-02,214.75759887695312
2022-11-03,209.0496063232422
2022-11-04,216.01629638671875
2022-11-07,222.33901977539062
2022-11-08,223.3147430419922
2022-11-09,219.06057739257812
2022-11-10,237.08226013183594
2022-11-11,241.1120147705078
2022-11-14,235.6869659423828
2022-11-15,236.09677124023438
2022-11-16,236.52731323242188
2022-11-17,236.4783935546875
2022-11-18,236.02828979492188
2022-11-21,236.84042358398438
2022-11-22,239.7562713623047
2022-11-23,242.2514190673828
2022-11-25,242.16334533691406
2022-11-28,236.55662536621094
2022-11-29,235.157470703125
2022-11-30,249.64866638183594
2022-12-01,249.20838928222656
2022-12-02,249.5312957763672
2022-12-05,244.81500244140625
2022-12-06,239.84434509277344
2022-12-07,239.11045837402344
2022-12-08,242.07525634765625
2022-12-09,240.1378936767578
2022-12-12,247.0752716064453
2022-12-13,251.39036560058594
2022-12-14,251.6839599609375
2022-12-15,243.65060424804688
2022-12-16,239.42359924316406
2022-12-19,235.27487182617188
2022-12-20,236.5958251953125
2022-12-21,239.169189453125
2022-12-22,233.06350708007812
2022-12-23,233.59185791015625
2022-12-27,231.85997009277344
2022-12-28,229.48226928710938
2022-12-29,235.82278442382812
2022-12-30,234.65843200683594
2023-01-03,234.42355346679688
2023-01-04,224.1691436767578
2023-01-05,217.5252685546875
2023-01-06,220.08889770507812
2023-01-09,222.23175048828125
2023-01-10,223.9245147705078
2023-01-11,230.69558715820312
2023-01-12,233.37661743164062
2023-01-13,234.0811004638672
2023-01-17,235.177001953125
2023-01-18,230.73471069335938
2023-01-19,226.938232421875
2023-01-20,235.0498046875
2023-01-23,237.3590087890625
2023-01-24,236.8306121826172
2023-01-25,235.43141174316406
2023-01-26,242.662353515625
2023-01-27,242.81890869140625
2023-01-30,237.4862060546875
2023-01-31,242.47645568847656
2023-02-01,247.3101348876953
2023-02-02,258.90509033203125
2023-02-03,252.7896270751953
2023-02-06,251.2436065673828
2023-02-07,261.8013916015625
2023-02-08,260.9892578125
2023-02-09,257.9461364746094
2023-02-10,257.4374084472656
2023-02-13,265.4804382324219
2023-02-14,266.3122253417969
2023-02-15,264.1836242675781
2023-02-16,257.1502685546875
2023-02-17,253.13829040527344
2023-02-21,247.85110473632812
2023-02-22,246.7132110595703
2023-02-23,249.91104125976562
2023-02-24,244.46688842773438
2023-02-27,245.3889617919922
2023-02-28,244.66305541992188
2023-03-01,241.57315063476562
2023-03-02,246.3208465576172
2023-03-03,250.42111206054688
2023-03-06,251.97097778320312
2023-03-07,249.30287170410156
2023-03-08,248.86143493652344
2023-03-09,247.50775146484375
2023-03-10,243.84890747070312
2023-03-13,249.07720947265625
2023-03-14,255.8162841796875
2023-03-15,260.3775634765625
2023-03-16,270.93231201171875
2023-03-17,274.1007080078125
2023-03-20,267.0380554199219
2023-03-21,268.55853271484375
2023-03-22,267.0968933105469
2023-03-23,272.3644714355469
2023-03-24,275.218994140625
2023-03-27,271.1089172363281
2023-03-28,269.9808654785156
2023-03-29,275.1601257324219
2023-03-30,278.63262939453125
2023-03-31,282.8015441894531
2023-04-03,281.751953125
2023-04-04,281.702880859375
2023-04-05,278.9170837402344
2023-04-06,286.0386047363281
2023-04-10,283.8707580566406
2023-04-11,277.4358825683594
2023-04-12,278.083251953125
2023-04-13,284.31219482421875
2023-04-14,280.6827697753906
2023-04-17,283.2919921875
2023-04-18,282.8702392578125
2023-04-19,282.9486999511719
2023-04-20,280.6533508300781
2023-04-21,280.3100280761719
2023-04-24,276.3961181640625
2023-04-25,270.1672058105469
2023-04-26,289.7366638183594
2023-04-27,299.0163269042969
2023-04-28,301.39996337890625
2023-05-01,299.7323913574219
2023-05-02,299.5852355957031
2023-05-03,298.5945129394531
2023-05-04,299.5852355957031
2023-05-05,304.7253112792969
2023-05-08,302.7633972167969
2023-05-09,301.1449279785156
2023-05-10,306.3536071777344
2023-05-11,304.195556640625
2023-05-12,303.07733154296875
2023-05-15,303.5579528808594
2023-05-16,305.7945251464844
2023-05-17,308.68475341796875
2023-05-18,313.1282043457031
2023-05-19,312.9512634277344
2023-05-22,315.7431945800781
2023-05-23,309.9234313964844
2023-05-24,308.5372314453125
2023-05-25,320.4029846191406
2023-05-26,327.2549743652344
2023-05-30,325.6033630371094
2023-05-31,322.8311462402344
2023-06-01,326.9502258300781
2023-06-02,329.72247314453125
2023-06-05,330.2533264160156
2023-06-06,328.0316162109375
2023-06-07,317.90594482421875
2023-06-08,319.754150390625
2023-06-09,321.2582092285156
2023-06-12,326.2325744628906
2023-06-13,328.63128662109375
2023-06-14,331.6296691894531
2023-06-15,342.2075500488281
2023-06-16,336.53515625
2023-06-20,332.3276062011719
2023-06-21,327.9136657714844
2023-06-22,333.95953369140625
2023-06-23,329.348876953125
2023-06-26,323.0375671386719
2023-06-27,328.90655517578125
2023-06-28,330.1648864746094
2023-06-29,329.3783874511719
2023-06-30,334.7755126953125
2023-07-03,332.2686462402344
2023-07-05,332.4259338378906
2023-07-06,335.4930725097656
2023-07-07,331.5116882324219
2023-07-10,326.2128601074219
2023-07-11,326.8420715332031
2023-07-12,331.4920654296875
2023-07-13,336.859619140625
2023-07-14,339.3959655761719
2023-07-17,339.8776550292969
2023-07-18,353.4046630859375
2023-07-19,349.0693359375
2023-07-20,340.9983215332031
2023-07-21,337.9508361816406
2023-07-24,339.2680969238281
2023-07-25,345.038818359375
2023-07-26,332.0523986816406
2023-07-27,325.1217041015625
2023-07-28,332.6422424316406
2023-07-31,330.233642578125
2023-08-01,330.6466064453125
2023-08-02,321.95623779296875
2023-08-03,321.1304626464844
2023-08-04,322.2315368652344
2023-08-07,324.5220031738281
2023-08-08,320.53076171875
2023-08-09,316.77545166015625
2023-08-10,317.46356201171875
2023-08-11,315.5760803222656
2023-08-14,318.5548095703125
2023-08-15,316.4116516113281
2023-08-16,315.643310546875
2023-08-17,312.175537109375
2023-08-18,311.781494140625
2023-08-21,317.101318359375
2023-08-22,317.6726989746094
2023-08-23,322.1452941894531
2023-08-24,315.2196350097656
2023-08-25,318.18499755859375
2023-08-28,318.894287109375
2023-08-29,323.53436279296875
2023-08-30,323.9087219238281
2023-08-31,322.89404296875
2023-09-01,323.7806701660156
2023-09-05,328.5979919433594
2023-09-06,327.9380187988281
2023-09-07,325.0120849609375
2023-09-08,329.3073425292969
2023-09-11,332.9228820800781
2023-09-12,326.844482421875
2023-09-13,331.0707702636719
2023-09-14,333.6716003417969
2023-09-15,325.3174743652344
2023-09-18,324.1746826171875
2023-09-19,323.7707824707031
2023-09-20,316.0077819824219
2023-09-21,314.7861633300781
2023-09-22,312.3035888671875
2023-09-25,312.8257751464844
2023-09-26,307.5058898925781
2023-09-27,308.1462707519531
2023-09-28,308.9836120605469
2023-09-29,311.06231689453125
2023-10-02,317.0224304199219
2023-10-03,308.7373962402344
2023-10-04,314.2246398925781
2023-10-05,314.61871337890625
2023-10-06,322.4013977050781
2023-10-09,324.9234313964844
2023-10-10,323.5146789550781
2023-10-11,327.48480224609375
2023-10-12,326.2434997558594
2023-10-13,322.86444091796875
2023-10-16,327.7015686035156
2023-10-17,327.1301574707031
2023-10-18,325.2091064453125
2023-10-19,326.40118408203125
2023-10-20,321.8201904296875
2023-10-23,324.4308776855469
2023-10-24,325.62286376953125
2023-10-25,335.6123352050781
2023-10-26,323.0220947265625
2023-10-27,324.91357421875
2023-10-30,332.3022155761719
2023-10-31,333.0903625488281
2023-11-01,340.93218994140625
2023-11-02,343.1488037109375
2023-11-03,347.562255859375
2023-11-06,351.2368469238281
2023-11-07,355.177490234375
2023-11-08,357.8078918457031
2023-11-09,355.3351135253906
2023-11-10,364.18182373046875
2023-11-13,361.2362365722656
2023-11-14,364.7728576660156
2023-11-15,364.9209289550781
2023-11-16,371.3374938964844
2023-11-17,365.09869384765625
2023-11-20,372.5911560058594
2023-11-21,368.27734375
2023-11-22,372.99591064453125
2023-11-24,372.5812683105469
2023-11-27,373.74609375
2023-11-28,377.7835998535156
2023-11-29,373.9830627441406
2023-11-30,374.0422668457031
2023-12-01,369.6988220214844
2023-12-04,364.3977966308594
2023-12-05,367.7343444824219
2023-12-06,364.0621337890625
2023-12-07,366.1845703125
2023-12-08,369.42236328125
2023-12-11,366.5299987792969
2023-12-12,369.5704650878906
2023-12-13,369.5605773925781
2023-12-14,361.2289733886719
2023-12-15,365.9673767089844
2023-12-18,367.8627014160156
2023-12-19,368.46484375
2023-12-20,365.8587646484375
2023-12-21,368.74127197265625
2023-12-22,369.7679138183594
2023-12-26,369.84686279296875
2023-12-27,369.26446533203125
2023-12-28,370.4588928222656
2023-12-29,371.20916748046875
2024-01-02,366.1054992675781
2024-01-03,365.83905029296875
2024-01-04,363.2131652832031
2024-01-05,363.0256042480469
2024-01-08,369.87646484375
2024-01-09,370.9623107910156
2024-01-10,377.8526306152344
2024-01-11,379.6888427734375
2024-01-12,383.4794616699219
2024-01-16,385.25628662109375
2024-01-17,384.46661376953125
2024-01-18,388.81005859375
2024-01-19,393.5484313964844
2024-01-22,391.4161682128906
2024-01-23,393.77545166015625
2024-01-24,397.388427734375
2024-01-25,399.668701171875
2024-01-26,398.7408447265625
2024-01-29,404.4564208984375
2024-01-30,403.3409423828125
2024-01-31,392.4724426269531
2024-02-01,398.5928039550781
2024-02-02,405.93719482421875
2024-02-05,400.4387512207031
2024-02-06,400.2807922363281
2024-02-07,408.7308654785156
2024-02-08,408.7900085449219
2024-02-09,415.1473083496094
2024-02-12,409.9252624511719
2024-02-13,401.10015869140625
2024-02-14,404.9769287109375
2024-02-15,402.0792236328125
2024-02-16,399.60675048828125
2024-02-20,398.35076904296875
2024-02-21,397.74749755859375
2024-02-22,407.11309814453125
2024-02-23,405.81756591796875
2024-02-26,403.0484313964844
2024-02-27,402.9891052246094
2024-02-28,403.2264099121094
2024-02-29,409.0812072753906
2024-03-01,410.9206848144531
2024-03-04,410.34710693359375
2024-03-05,398.2123107910156
2024-03-06,397.6584777832031
2024-03-07,404.6308288574219
2024-03-08,401.74298095703125
2024-03-11,400.0616760253906
2024-03-12,410.7030944824219
2024-03-13,410.52508544921875
2024-03-14,420.5335693359375
2024-03-15,411.8305969238281
2024-03-18,412.72064208984375
2024-03-19,416.76556396484375
2024-03-20,420.5434875488281
2024-03-21,424.6377868652344
2024-03-22,424.0147705078125
2024-03-25,418.1995849609375
2024-03-26,417.00286865234375
2024-03-27,416.7853088378906
2024-03-28,416.08319091796875
2024-04-01,419.8907470703125
2024-04-02,416.7952575683594
2024-04-03,415.8161315917969
2024-04-04,413.27447509765625
2024-04-05,420.8302307128906
2024-04-08,419.9105224609375
2024-04-09,421.5818786621094
2024-04-10,418.59515380859375
2024-04-11,423.21368408203125
2024-04-12,417.25018310546875
2024-04-15,409.0812072753906
2024-04-16,410.01080322265625
2024-04-17,407.301025390625
2024-04-18,399.814453125
2024-04-19,394.7212219238281
2024-04-22,396.5409240722656
2024-04-23,403.0780944824219
2024-04-24,404.5516662597656
2024-04-25,394.64208984375
2024-04-26,401.8419189453125
2024-04-29,397.81671142578125
2024-04-30,385.0390930175781
2024-05-01,390.5872497558594
2024-05-02,393.455322265625
2024-05-03,402.17816162109375
2024-05-06,408.9822998046875
2024-05-07,404.82855224609375
2024-05-08,406.0153503417969
2024-05-09,407.7757568359375
2024-05-10,410.1690673828125
2024-05-13,409.1602783203125
2024-05-14,411.968994140625
2024-05-15,419.1718444824219
2024-05-16,417.10113525390625
2024-05-17,416.328369140625
2024-05-20,421.4109802246094
2024-05-21,425.0768127441406
2024-05-22,426.5431213378906
2024-05-23,423.0556640625
2024-05-24,426.1864929199219
2024-05-28,426.344970703125
2024-05-29,425.2056579589844
2024-05-30,410.83953857421875
2024-05-31,411.2952880859375
2024-06-03,409.7001647949219
2024-06-04,412.2265930175781
2024-06-05,420.0932922363281
2024-06-06,420.5985412597656
2024-06-07,419.93475341796875
2024-06-10,423.9176025390625
2024-06-11,428.68316650390625
2024-06-12,436.98577880859375
2024-06-13,437.5009765625
2024-06-14,438.48187255859375
2024-06-17,444.22821044921875
2024-06-18,442.2170104980469
2024-06-20,441.58294677734375
2024-06-21,445.625244140625
2024-06-24,443.53472900390625
2024-06-25,446.7843933105469
2024-06-26,447.9832458496094
2024-06-27,448.6668701171875
2024-06-28,442.82135009765625
2024-07-01,452.51104736328125
2024-07-02,455.0374755859375
2024-07-03,456.5137023925781
2024-07-05,463.240966796875
2024-07-08,461.93316650390625
2024-07-09,455.2950744628906
2024-07-10,461.943115234375
2024-07-11,450.4997863769531
2024-07-12,449.3603820800781
2024-07-15,449.7666015625
2024-07-16,445.3676452636719
2024-07-17,439.42303466796875
2024-07-18,436.3021545410156
2024-07-19,433.0722351074219
2024-07-22,438.8484191894531
2024-07-23,440.74078369140625
2024-07-24,424.9381103515625
2024-07-25,414.53509521484375
2024-07-26,421.3416442871094
2024-07-29,422.78814697265625
2024-07-30,419.0133972167969
2024-07-31,414.4855651855469
2024-08-01,413.2569885253906
2024-08-02,404.7166442871094
2024-08-05,391.4998474121094
2024-08-06,395.9186706542969
2024-08-07,394.7495422363281
2024-08-08,398.9701843261719
2024-08-09,402.2694396972656
2024-08-12,403.0521545410156
2024-08-13,410.1856689453125
2024-08-14,413.0093078613281
2024-08-15,417.8926696777344
2024-08-16,415.35174560546875
2024-08-19,418.3889465332031
2024-08-20,421.63458251953125
2024-08-21,420.9794921875
2024-08-22,412.4534912109375
2024-08-23,413.68426513671875
2024-08-26,410.4088439941406
2024-08-27,410.7562255859375
2024-08-28,407.5404052734375
2024-08-29,410.0415954589844
2024-08-30,414.0316467285156
2024-09-03,406.3890380859375
2024-09-04,405.85302734375
2024-09-05,405.34686279296875
2024-09-06,398.7066955566406
2024-09-09,402.6967468261719
2024-09-10,411.11358642578125
2024-09-11,419.8876953125
2024-09-12,423.81817626953125
2024-09-13,427.3814392089844
2024-09-16,428.1258544921875
2024-09-17,431.9074401855469
2024-09-18,427.59979248046875
2024-09-19,435.42108154296875
2024-09-20,432.02655029296875
2024-09-23,430.2796936035156
2024-09-24,425.9720458984375
2024-09-25,428.89007568359375
2024-09-26,428.0960693359375
2024-09-27,424.8305358886719
2024-09-30,427.09356689453125
2024-10-01,417.5552062988281
2024-10-02,414.021728515625
2024-10-03,413.4361267089844
2024-10-04,412.959716796875
2024-10-07,406.48828125
2024-10-08,411.6197509765625
2024-10-09,414.3492431640625
2024-10-10,412.7413635253906
2024-10-11,413.2177429199219
2024-10-14,416.01678466796875
2024-10-15,415.6197204589844
2024-10-16,413.0192565917969
2024-10-17,413.6147766113281
2024-10-18,415.0440368652344
2024-10-21,415.659423828125
2024-10-22,424.32440185546875
2024-10-23,421.43609619140625
2024-10-24,421.56512451171875
2024-10-25,424.9595947265625
2024-10-28,423.4112243652344
2024-10-29,428.7313232421875
2024-10-30,429.3069763183594
2024-10-31,403.3220520019531
2024-11-01,407.3121032714844
2024-11-04,405.41632080078125
2024-11-05,408.3939514160156
2024-11-06,417.0489807128906
2024-11-07,422.2598571777344
2024-11-08,419.39141845703125
2024-11-11,414.8951721191406
2024-11-12,419.87774658203125
2024-11-13,422.0315856933594
2024-11-14,423.7090148925781
2024-11-15,411.9076232910156
2024-11-18,412.66192626953125
2024-11-19,414.6767883300781
2024-11-20,412.3939514160156
2024-11-21,410.6137390136719
2024-11-22,414.7211608886719
2024-11-25,416.5013732910156
2024-11-26,425.6510925292969
2024-11-27,420.67840576171875
2024-11-29,421.1458435058594
2024-12-02,428.6247863769531
2024-12-03,428.84356689453125
2024-12-04,435.0295715332031
2024-12-05,440.2011413574219
2024-12-06,441.1459655761719
2024-12-09,443.58251953125
2024-12-10,440.9072570800781
2024-12-11,446.5363464355469
2024-12-12,447.10321044921875
2024-12-13,444.8257141113281
2024-12-16,449.1221008300781
2024-12-17,451.9764099121094
2024-12-18,434.999755859375
2024-12-19,434.6416931152344
2024-12-20,434.21405029296875
2024-12-23,432.8714294433594
2024-12-24,436.9291076660156
2024-12-26,435.7157897949219
2024-12-27,428.1772155761719
2024-12-30,422.50836181640625
2024-12-31,419.196533203125
2025-01-02,416.2925109863281
2025-01-03,421.0364685058594
2025-01-06,425.5118713378906
2025-01-07,420.0617980957031
2025-01-08,422.2398376464844
2025-01-10,416.6604919433594
2025-01-13,414.9101257324219
2025-01-14,413.3984375
2025-01-15,423.98028564453125
2025-01-16,422.25970458984375
2025-01-17,426.6854248046875
2025-01-21,426.1583251953125
2025-01-22,443.7616271972656
2025-01-23,444.2687683105469
2025-01-24,441.63330078125
2025-01-27,432.1851806640625
2025-01-28,444.7561340332031
2025-01-29,439.9126892089844
2025-01-30,412.7221374511719
2025-01-31,412.7917785644531
2025-02-03,408.67437744140625
2025-02-04,410.116455078125
2025-02-05,411.0314636230469
2025-02-06,413.547607421875
2025-02-07,407.5107727050781
2025-02-10,409.96728515625
2025-02-11,409.1915283203125
2025-02-12,406.8046569824219
2025-02-13,408.2964782714844
2025-02-14,406.1979675292969
2025-02-18,407.4013977050781
2025-02-19,412.50335693359375
2025-02-20,414.6857604980469
2025-02-21,406.793212890625
2025-02-24,402.59783935546875
2025-02-25,396.5190124511719
2025-02-26,398.3426818847656
2025-02-27,391.1676330566406
2025-02-28,395.6121520996094
2025-03-03,387.14166259765625
2025-03-04,387.26123046875
2025-03-05,399.628173828125
2025-03-06,395.5125427246094
2025-03-07,391.9449462890625
2025-03-10,378.840576171875
2025-03-11,379.1296081542969
2025-03-12,381.9397888183594
2025-03-13,377.45538330078125
2025-03-14,387.21142578125
2025-03-17,387.3509521484375
2025-03-18,382.1889343261719
2025-03-19,386.4739990234375
2025-03-20,385.4974060058594
2025-03-21,389.9020690917969
2025-03-24,391.7157287597656
2025-03-25,393.7885437011719
2025-03-26,388.6165466308594
2025-03-27,389.2243957519531
2025-03-28,377.48529052734375
2025-03-31,374.087158203125
2025-04-01,380.863525390625
2025-04-02,380.813720703125
2025-04-03,371.8150329589844
2025-04-04,358.5910949707031
2025-04-07,356.61798095703125
2025-04-08,353.3294372558594
2025-04-09,389.1347351074219
2025-04-10,380.0264587402344
2025-04-11,387.101806640625
2025-04-14,386.4640197753906
2025-04-15,384.3912658691406
2025-04-16,370.32025146484375
2025-04-17,366.5035400390625
2025-04-21,357.87359619140625
2025-04-22,365.5469055175781
2025-04-23,373.09063720703125
2025-04-24,385.9557800292969
2025-04-25,390.4900207519531
2025-04-28,389.80242919921875
2025-04-29,392.67242431640625
2025-04-30,393.88818359375
2025-05-01,423.9235534667969
2025-05-02,433.769287109375
2025-05-05,434.65618896484375
2025-05-06,431.8061218261719
2025-05-07,431.8459777832031
2025-05-08,436.6492614746094
2025-05-09,437.2073059082031
2025-05-12,447.7007751464844
2025-05-13,447.5812072753906
2025-05-14,451.36798095703125
2025-05-15,452.3863220214844
2025-05-16,453.5244445800781
2025-05-19,458.11688232421875
2025-05-20,457.4180603027344
2025-05-21,451.8272399902344
2025-05-22,454.11346435546875
2025-05-23,449.441162109375
2025-05-27,459.93389892578125
2025-05-28,456.609375
2025-05-29,457.9272155761719
2025-05-30,459.60443115234375
2025-06-02,461.2118225097656
2025-06-03,462.2101745605469
2025-06-04,463.1086730957031
2025-06-05,466.91241455078125
2025-06-06,469.6080017089844
2025-06-09,471.97412109375
2025-06-10,470.1471252441406
2025-06-11,471.8443298339844
2025-06-12,478.0840759277344
2025-06-13,474.18048095703125
2025-06-16,478.3536376953125
2025-06-17,477.25543212890625
2025-06-18,479.4518127441406
2025-06-20,476.6164855957031
2025-06-23,485.2023620605469
2025-06-24,489.30560302734375
2025-06-25,491.4620666503906
2025-06-26,496.6335754394531
2025-06-27,495.1260681152344
2025-06-30,496.5936584472656
2025-07-01,491.242431640625
2025-07-02,490.2840270996094
2025-07-03,498.02130126953125
2025-07-07,496.90313720703125
2025-07-08,495.804931640625
2025-07-09,502.68365478515625
2025-07-10,500.656982421875
2025-07-11,502.49395751953125
2025-07-14,502.1944274902344
2025-07-15,504.9898376464844
2025-07-16,504.7901611328125
2025-07-17,510.8601989746094
2025-07-18,509.212890625
2025-07-21,509.2228698730469
2025-07-22,504.44073486328125
2025-07-23,505.0397644042969
2025-07-24,510.0415344238281
2025-07-25,512.866943359375
2025-07-28,511.65887451171875
2025-07-29,511.728759765625
2025-07-30,512.3976440429688
2025-07-31,532.6243896484375
2025-08-01,523.2498168945312
2025-08-04,534.7609252929688
2025-08-05,526.8838500976562
2025-08-06,524.0784912109375
2025-08-07,519.9852294921875
2025-08-08,521.1832275390625
2025-08-11,520.9136962890625
2025-08-12,528.3713989257812
2025-08-13,519.7256469726562
2025-08-14,521.6224975585938
2025-08-15,519.3162841796875
2025-08-18,516.2512817382812
2025-08-19,508.933349609375
2025-08-20,504.8900146484375
2025-08-21,504.239990234375
2025-08-22,507.2300109863281
2025-08-25,504.260009765625
2025-08-26,502.0400085449219
2025-08-27,506.739990234375
2025-08-28,509.6400146484375
2025-08-29,506.69000244140625
2025-09-02,505.1199951171875
2025-09-03,505.3500061035156
2025-09-04,507.9700012207031
2025-09-05,495.0
2025-09-08,498.20001220703125
2025-09-09,498.4100036621094
2025-09-10,500.3699951171875
2025-09-11,501.010009765625
2025-09-12,509.8999938964844
2025-09-15,515.3599853515625
2025-09-16,509.0400085449219
2025-09-17,510.0199890136719
2025-09-18,508.45001220703125
2025-09-19,517.9299926757812
2025-09-22,514.4500122070312
2025-09-23,509.2300109863281
2025-09-24,510.1499938964844
2025-09-25,507.0299987792969
2025-09-26,511.4599914550781
2025-09-29,514.5999755859375
2025-09-30,517.9500122070312
2025-10-01,519.7100219726562
2025-10-02,515.739990234375
2025-10-03,517.3499755859375
2025-10-06,528.5700073242188
2025-10-07,523.97998046875
2025-10-08,524.8499755859375
2025-10-09,522.4000244140625
2025-10-10,510.9599914550781
2025-10-13,514.0499877929688
2025-10-14,513.5700073242188
2025-10-15,513.4299926757812
2025-10-16,511.6099853515625
2025-10-17,513.5800170898438
